id,first_name,last_name,email,gender,ip_address
1,Gerome,Storror,gstorror0@merriam-webster.com,Male,26.107.30.8
2,Pansy,Eason,peason1@skype.com,Female,234.166.47.104
3,Jarvis,Boyn,jboyn2@uol.com.br,Male,197.212.20.175
4,Claudio,Barwise,cbarwise3@bloomberg.com,Male,28.56.123.141
5,Cullan,Stitwell,cstitwell4@cbslocal.com,Male,207.181.234.204
6,Valaree,Bartak,vbartak5@newsvine.com,Female,171.84.172.55
7,Fenelia,Yeulet,fyeulet6@hud.gov,Female,6.3.158.40
8,Silvain,Jullian,sjullian7@sciencedaily.com,Male,172.11.71.61
9,Whitman,Roast,wroast8@ehow.com,Male,176.59.135.0
10,Hermine,Murdoch,hmurdoch9@stumbleupon.com,Female,64.47.9.72
11,Dael,Tapp,dtappa@vkontakte.ru,Male,1.140.158.209
12,Pandora,Enser,penserb@meetup.com,Female,8.87.228.128
13,Douglass,Godmer,dgodmerc@ihg.com,Male,236.141.56.207
14,Randene,Baume,rbaumed@amazon.de,Female,81.241.170.193
15,Sarita,Gadeaux,sgadeauxe@cisco.com,Female,249.192.220.18
16,Axe,Dziwisz,adziwiszf@weebly.com,Male,100.140.182.64
17,Ash,Ivins,aivinsg@mozilla.org,Male,124.68.91.45
18,Findlay,Margiotta,fmargiottah@webnode.com,Male,84.253.204.248
19,Jedediah,Baff,jbaffi@networksolutions.com,Male,38.49.98.186
20,Evin,McMonies,emcmoniesj@netlog.com,Male,132.51.174.83
21,Hubie,Trollope,htrollopek@yale.edu,Male,112.33.236.116
22,Lulita,Grimestone,lgrimestonel@utexas.edu,Female,141.20.122.39
23,Eberhard,Slatter,eslatterm@addthis.com,Male,73.163.155.178
24,Carling,Monte,cmonten@smh.com.au,Male,75.21.56.162
25,Ruthie,Patterson,rpattersono@parallels.com,Female,6.228.5.221
26,Martina,Juden,mjudenp@squidoo.com,Female,122.161.146.227
27,Teodoro,Ruprich,truprichq@adobe.com,Male,163.109.221.189
28,Kaleena,Ghost,kghostr@e-recht24.de,Female,114.42.79.103
29,Amy,Edworthy,aedworthys@amazonaws.com,Female,215.83.216.179
30,Lorrie,Pervew,lpervewt@ask.com,Female,119.96.107.122
31,Sapphire,Baudino,sbaudinou@cam.ac.uk,Female,121.137.194.184
32,Isak,Whitehall,iwhitehallv@1688.com,Male,10.147.146.70
33,Paulette,Traill,ptraillw@nationalgeographic.com,Female,104.94.8.61
34,Lyell,McMearty,lmcmeartyx@vistaprint.com,Male,120.129.39.79
35,Thomasina,Turpey,tturpeyy@icq.com,Female,52.87.224.3
36,Dianemarie,Beeho,dbeehoz@sohu.com,Female,219.234.101.109
37,Lewiss,Cass,lcass10@linkedin.com,Male,96.185.47.217
38,Marcel,Kither,mkither11@cmu.edu,Male,164.62.105.225
39,Trace,Doulden,tdoulden12@pbs.org,Male,186.19.42.255
40,Myrtia,Durrett,mdurrett13@jimdo.com,Female,76.154.145.212
41,North,Lever,nlever14@livejournal.com,Male,241.67.93.249
42,Tomasina,Barrett,tbarrett15@rediff.com,Female,99.217.35.101
43,Glen,Paulusch,gpaulusch16@fotki.com,Male,215.15.227.104
44,Drusi,Wilce,dwilce17@apple.com,Female,147.121.168.113
45,Kennith,Fox,kfox18@wp.com,Male,143.5.137.125
46,Sue,Blackwell,sblackwell19@reference.com,Female,83.44.125.243
47,Kingsly,Wailes,kwailes1a@icio.us,Male,24.127.148.81
48,Wanids,Wannan,wwannan1b@chronoengine.com,Female,219.114.54.236
49,Ondrea,Scamp,oscamp1c@soup.io,Female,53.143.242.174
50,Dianna,Nowick,dnowick1d@ovh.net,Female,188.88.47.145
51,Cassius,Hastewell,chastewell1e@blogger.com,Male,50.10.114.96
52,Darda,Olenov,dolenov1f@facebook.com,Female,73.236.125.176
53,Newton,Carragher,ncarragher1g@nasa.gov,Male,223.23.7.233
54,Riane,Fitzhenry,rfitzhenry1h@comsenz.com,Female,178.254.213.237
55,Glynda,McClintock,gmcclintock1i@state.gov,Female,192.142.67.247
56,Jaquelin,Farloe,jfarloe1j@scientificamerican.com,Female,20.128.178.217
57,Pat,Minet,pminet1k@netvibes.com,Male,56.11.232.178
58,Lucilia,Tomlin,ltomlin1l@pen.io,Female,7.51.106.83
59,Ermengarde,Tedder,etedder1m@reuters.com,Female,209.134.180.127
60,Haskel,Pybus,hpybus1n@youku.com,Male,222.51.251.117
61,Dacia,Eixenberger,deixenberger1o@newsvine.com,Female,124.139.59.153
62,Felisha,Orrick,forrick1p@bizjournals.com,Female,144.135.98.83
63,Kirby,Van Arsdall,kvanarsdall1q@cyberchimps.com,Female,171.249.150.15
64,Wald,Tomasik,wtomasik1r@tripadvisor.com,Male,149.68.27.20
65,Irwinn,Perrottet,iperrottet1s@homestead.com,Male,184.103.131.217
66,Warden,Walton,wwalton1t@issuu.com,Male,161.123.238.227
67,Currey,Baus,cbaus1u@adobe.com,Male,137.213.62.94
68,Ewen,Tomczykowski,etomczykowski1v@google.com,Male,63.65.22.127
69,Ikey,Storm,istorm1w@amazon.de,Male,42.6.21.229
70,Darwin,Standon,dstandon1x@cnn.com,Male,174.9.155.86
71,Aguistin,Fawdrie,afawdrie1y@ehow.com,Male,105.51.134.89
72,Scarlet,Vodden,svodden1z@mlb.com,Female,121.196.81.18
73,Dallis,Lomath,dlomath20@google.com.au,Male,220.142.251.119
74,Elane,Bouchard,ebouchard21@google.pl,Female,7.132.36.124
75,Falkner,Loosmore,floosmore22@pinterest.com,Male,244.81.84.245
76,Alanah,Franklin,afranklin23@g.co,Female,209.231.152.53
77,Doti,Jobbins,djobbins24@nbcnews.com,Female,43.169.77.101
78,Rogers,Bulbeck,rbulbeck25@ted.com,Male,235.105.160.30
79,Kiah,Ranscomb,kranscomb26@walmart.com,Female,2.102.91.176
80,Tracie,Patient,tpatient27@cdbaby.com,Male,249.90.87.227
81,Kacy,Jakubovicz,kjakubovicz28@msn.com,Female,213.53.175.75
82,Nicholas,Jelf,njelf29@hhs.gov,Male,243.251.174.57
83,Cassandre,Guierre,cguierre2a@devhub.com,Female,54.220.114.93
84,Bobina,Brockie,bbrockie2b@ucoz.com,Female,84.208.176.208
85,Brena,Ridel,bridel2c@hao123.com,Female,9.255.72.127
86,Teresita,Catlette,tcatlette2d@ovh.net,Female,252.238.74.125
87,Alysia,Salter,asalter2e@constantcontact.com,Female,205.201.127.250
88,Tracey,Duigan,tduigan2f@gov.uk,Male,193.120.183.62
89,Ruggiero,Loalday,rloalday2g@house.gov,Male,225.195.54.15
90,Morly,Scurman,mscurman2h@china.com.cn,Male,72.105.200.9
91,Wyatt,Bess,wbess2i@usnews.com,Male,90.75.140.152
92,Yevette,Chalk,ychalk2j@cloudflare.com,Female,235.185.32.4
93,Elonore,Meigh,emeigh2k@scribd.com,Female,107.109.45.254
94,Cathlene,Thackray,cthackray2l@histats.com,Female,81.255.15.84
95,Nikola,Sparhawk,nsparhawk2m@usda.gov,Male,188.53.102.210
96,Davis,McWhan,dmcwhan2n@columbia.edu,Male,190.90.166.41
97,Neron,Darwen,ndarwen2o@discuz.net,Male,198.174.202.175
98,Madelena,Tie,mtie2p@ovh.net,Female,84.114.59.79
99,Annabela,Thornton,athornton2q@usnews.com,Female,88.121.72.4
100,Cathryn,Klosges,cklosges2r@jimdo.com,Female,194.179.248.41
101,Layla,Bedboro,lbedboro2s@meetup.com,Female,196.67.168.157
102,Zeb,Largen,zlargen2t@github.com,Male,180.214.229.102
103,Zonnya,Peasegod,zpeasegod2u@wisc.edu,Female,50.4.233.168
104,Alia,Aharoni,aaharoni2v@newsvine.com,Female,132.173.222.189
105,Marci,Lynde,mlynde2w@craigslist.org,Female,135.95.182.149
106,Burty,Penquet,bpenquet2x@shareasale.com,Male,215.8.177.187
107,Rebbecca,Petken,rpetken2y@w3.org,Female,61.2.221.17
108,Bernardo,Orleton,borleton2z@weibo.com,Male,142.225.207.66
109,Harp,Legerwood,hlegerwood30@mtv.com,Male,172.252.19.62
110,Reginald,Eisig,reisig31@fc2.com,Male,156.196.13.168
111,Nadiya,Symcox,nsymcox32@boston.com,Female,164.14.103.147
112,Gunter,Surguine,gsurguine33@acquirethisname.com,Male,70.117.54.152
113,Nolie,Samter,nsamter34@eventbrite.com,Female,242.19.253.61
114,Carmen,O' Markey,comarkey35@nytimes.com,Female,253.254.250.84
115,Andonis,Danielkiewicz,adanielkiewicz36@a8.net,Male,167.237.212.118
116,Theodore,Bickerstasse,tbickerstasse37@acquirethisname.com,Male,211.179.230.31
117,Germaine,Huguenet,ghuguenet38@oracle.com,Female,69.243.147.42
118,Glyn,Bunstone,gbunstone39@archive.org,Male,99.191.25.196
119,Phineas,Eltringham,peltringham3a@nytimes.com,Male,38.150.67.12
120,Shelley,Dunlop,sdunlop3b@jiathis.com,Male,183.253.166.134
121,Thornton,Binnall,tbinnall3c@webnode.com,Male,143.23.147.57
122,Lois,Scarsbrick,lscarsbrick3d@tripod.com,Female,128.171.102.43
123,Ambros,Garahan,agarahan3e@unicef.org,Male,28.17.12.81
124,Drusy,Elmar,delmar3f@booking.com,Female,132.11.235.51
125,Gustaf,Thorley,gthorley3g@hatena.ne.jp,Male,150.62.92.206
126,Carlo,Barfield,cbarfield3h@google.it,Male,51.92.75.26
127,Timi,Elletson,telletson3i@list-manage.com,Female,151.184.171.144
128,Sydel,Garric,sgarric3j@technorati.com,Female,99.172.215.88
129,Kassia,Maiden,kmaiden3k@google.ru,Female,122.81.180.84
130,Sebastian,Lamar,slamar3l@webnode.com,Male,45.34.155.190
131,Gonzales,Larder,glarder3m@jigsy.com,Male,178.31.136.164
132,Dorie,Cocklin,dcocklin3n@plala.or.jp,Male,37.248.213.24
133,Addie,Doddridge,adoddridge3o@cloudflare.com,Male,192.254.234.132
134,Werner,Lilie,wlilie3p@ebay.com,Male,194.174.60.89
135,Janean,Aldcorne,jaldcorne3q@naver.com,Female,158.209.160.16
136,Leicester,Geaney,lgeaney3r@mapquest.com,Male,112.245.33.152
137,Kirsten,Kenaway,kkenaway3s@telegraph.co.uk,Female,36.85.165.238
138,Valina,Hackley,vhackley3t@acquirethisname.com,Female,7.67.12.217
139,Jecho,Jozwiak,jjozwiak3u@usgs.gov,Male,10.14.197.143
140,Irv,Rosina,irosina3v@bandcamp.com,Male,224.112.77.185
141,Eugen,Bothwell,ebothwell3w@pinterest.com,Male,123.4.86.176
142,Ive,Plews,iplews3x@jimdo.com,Male,103.243.92.170
143,Nina,Daugherty,ndaugherty3y@ucla.edu,Female,94.252.74.211
144,Mayer,Gawith,mgawith3z@accuweather.com,Male,174.43.187.229
145,Bengt,Rist,brist40@unicef.org,Male,255.185.133.78
146,Rollie,Murrthum,rmurrthum41@t.co,Male,0.148.69.214
147,Emmalyn,Bletso,ebletso42@merriam-webster.com,Female,137.5.61.165
148,Carlota,Kreber,ckreber43@unesco.org,Female,115.215.219.3
149,Billy,Purdie,bpurdie44@patch.com,Male,145.27.200.188
150,Marchelle,Perkis,mperkis45@digg.com,Female,60.227.139.117
151,Rossy,Collinson,rcollinson46@sbwire.com,Male,100.223.83.167
152,Damara,Webby,dwebby47@issuu.com,Female,164.170.132.179
153,Taddeo,Tosdevin,ttosdevin48@mayoclinic.com,Male,136.47.117.205
154,Mei,Kerley,mkerley49@wufoo.com,Female,155.142.191.93
155,Hamel,Shipperbottom,hshipperbottom4a@google.fr,Male,141.243.138.97
156,Erhart,Colclough,ecolclough4b@npr.org,Male,185.148.64.117
157,Amery,Clemo,aclemo4c@ebay.co.uk,Male,187.204.4.0
158,Stace,Wastling,swastling4d@msu.edu,Female,144.239.161.207
159,Frederico,Spurrior,fspurrior4e@over-blog.com,Male,76.93.193.2
160,Sandra,Atkin,satkin4f@vk.com,Female,174.5.138.114
161,Evita,Fishleigh,efishleigh4g@macromedia.com,Female,117.120.163.53
162,Sallee,Espino,sespino4h@auda.org.au,Female,43.131.164.122
163,Noel,Crimes,ncrimes4i@theatlantic.com,Male,205.144.105.234
164,Wait,Stribling,wstribling4j@networkadvertising.org,Male,93.173.186.29
165,Kerri,Ravenhill,kravenhill4k@cocolog-nifty.com,Female,215.206.145.252
166,Willis,Kristoffersen,wkristoffersen4l@google.cn,Male,77.195.121.146
167,Quincy,Nelthrop,qnelthrop4m@netvibes.com,Male,18.36.87.40
168,Hilton,Patullo,hpatullo4n@timesonline.co.uk,Male,119.89.56.28
169,Arney,Bridgstock,abridgstock4o@elegantthemes.com,Male,130.239.209.169
170,Fee,Jowling,fjowling4p@miitbeian.gov.cn,Male,46.170.89.206
171,Bonita,Patry,bpatry4q@businessinsider.com,Female,130.3.13.21
172,Ricki,MacAlees,rmacalees4r@wiley.com,Female,188.147.121.142
173,Granger,Rawling,grawling4s@scientificamerican.com,Male,136.80.152.176
174,Conrad,Rowe,crowe4t@facebook.com,Male,109.54.176.74
175,Gabriele,Pietruszewicz,gpietruszewicz4u@trellian.com,Male,30.114.168.121
176,Bud,Cornil,bcornil4v@dion.ne.jp,Male,254.88.41.141
177,Baryram,Keir,bkeir4w@xing.com,Male,144.212.38.248
178,Neala,Measom,nmeasom4x@paginegialle.it,Female,158.54.147.140
179,Dorey,Senecaux,dsenecaux4y@princeton.edu,Female,213.9.73.40
180,Verina,Stockney,vstockney4z@abc.net.au,Female,94.78.185.35
181,Chelsey,Swindall,cswindall50@miitbeian.gov.cn,Female,229.162.163.69
182,Sonny,Brobyn,sbrobyn51@businessinsider.com,Female,30.105.226.87
183,Caro,Kimmins,ckimmins52@go.com,Female,187.106.235.116
184,Britteny,Crumley,bcrumley53@army.mil,Female,185.26.204.195
185,Isidore,Beedon,ibeedon54@qq.com,Male,143.193.0.42
186,Jacklyn,Phittiplace,jphittiplace55@redcross.org,Female,96.133.176.209
187,Gawen,McKnish,gmcknish56@networksolutions.com,Male,254.118.4.119
188,Tatiana,Kondratenko,tkondratenko57@trellian.com,Female,101.32.45.202
189,Prescott,Solly,psolly58@columbia.edu,Male,68.1.148.164
190,Herb,Crielly,hcrielly59@g.co,Male,75.120.153.197
191,Griffin,Binge,gbinge5a@hatena.ne.jp,Male,244.221.195.56
192,Herta,Rylands,hrylands5b@wired.com,Female,196.2.114.47
193,Reinaldo,Blissitt,rblissitt5c@mlb.com,Male,107.15.48.191
194,Donnie,Burford,dburford5d@techcrunch.com,Female,213.97.44.197
195,Eadie,Barton,ebarton5e@statcounter.com,Female,244.221.113.113
196,Tiffi,Rooms,trooms5f@nydailynews.com,Female,88.139.177.53
197,Zeke,Pottell,zpottell5g@quantcast.com,Male,96.193.174.82
198,Abbey,Mileham,amileham5h@weibo.com,Male,99.139.174.42
199,Sunny,Scuse,sscuse5i@cyberchimps.com,Male,15.31.108.89
200,Bab,Lightoller,blightoller5j@privacy.gov.au,Female,1.132.79.217
201,Cornela,Smallcombe,csmallcombe5k@imdb.com,Female,224.153.155.66
202,Herculie,Decort,hdecort5l@unicef.org,Male,39.160.135.13
203,Beitris,Brusin,bbrusin5m@sphinn.com,Female,199.114.176.31
204,Eugenia,Sabati,esabati5n@networkadvertising.org,Female,19.136.68.214
205,Brandyn,Haliburn,bhaliburn5o@photobucket.com,Male,22.97.74.200
206,Ron,Vivash,rvivash5p@blog.com,Male,98.219.158.244
207,Roscoe,Culver,rculver5q@odnoklassniki.ru,Male,195.141.81.197
208,Agna,Gokes,agokes5r@feedburner.com,Female,25.137.233.110
209,Justin,Fursland,jfursland5s@etsy.com,Male,170.210.239.246
210,Brandyn,Epinoy,bepinoy5t@techcrunch.com,Male,144.134.177.38
211,Paulie,Fransinelli,pfransinelli5u@github.com,Male,116.158.23.52
212,Sada,Lilleman,slilleman5v@cpanel.net,Female,156.222.193.52
213,Koo,Waterdrinker,kwaterdrinker5w@wix.com,Female,139.91.54.79
214,Lucky,Habin,lhabin5x@google.com.hk,Female,242.230.80.1
215,Celeste,Placstone,cplacstone5y@wikispaces.com,Female,221.128.116.94
216,Fae,Hruska,fhruska5z@cornell.edu,Female,13.209.105.7
217,Carolann,Quodling,cquodling60@economist.com,Female,80.142.90.50
218,Madge,Lamplugh,mlamplugh61@odnoklassniki.ru,Female,187.113.5.176
219,Jorge,Gundrey,jgundrey62@google.fr,Male,203.245.253.105
220,Frederica,Parham,fparham63@yellowbook.com,Female,226.96.54.222
221,Nalani,Isakovic,nisakovic64@dropbox.com,Female,203.214.8.121
222,Issi,Ben,iben65@theatlantic.com,Female,179.249.185.0
223,Michaeline,Veltmann,mveltmann66@netvibes.com,Female,12.120.171.225
224,Daveta,Tonks,dtonks67@google.fr,Female,142.38.50.127
225,Reuben,Ralfe,rralfe68@senate.gov,Male,197.4.113.253
226,Goddart,Andover,gandover69@reddit.com,Male,202.173.212.95
227,Cameron,Gotfrey,cgotfrey6a@instagram.com,Male,52.249.20.129
228,Genevra,Verdey,gverdey6b@apache.org,Female,150.217.172.88
229,Leroy,Becaris,lbecaris6c@virginia.edu,Male,155.166.225.26
230,Marion,Hazlehurst,mhazlehurst6d@wisc.edu,Female,20.226.242.9
231,Patti,Barribal,pbarribal6e@oaic.gov.au,Female,76.168.232.27
232,Licha,Samwayes,lsamwayes6f@google.de,Female,163.169.11.233
233,Lilia,Hyslop,lhyslop6g@wikimedia.org,Female,21.93.181.99
234,Buffy,Lambrook,blambrook6h@eventbrite.com,Female,130.145.187.126
235,Forster,Treffrey,ftreffrey6i@digg.com,Male,230.209.147.108
236,Nicholle,Ceccoli,nceccoli6j@e-recht24.de,Female,248.128.132.88
237,Leann,Garvagh,lgarvagh6k@si.edu,Female,21.71.22.83
238,Georgeta,Dunstan,gdunstan6l@mashable.com,Female,213.88.35.44
239,Consuela,Issakov,cissakov6m@msn.com,Female,188.147.46.80
240,Oby,Habbes,ohabbes6n@naver.com,Male,138.225.104.108
241,Duff,Chadney,dchadney6o@livejournal.com,Male,214.199.230.189
242,Brodie,Costy,bcosty6p@sun.com,Male,47.131.79.241
243,Dayna,Riquet,driquet6q@sciencedaily.com,Female,34.237.113.34
244,Aloysius,Maryan,amaryan6r@imdb.com,Male,252.117.128.222
245,Luce,Ciobotaru,lciobotaru6s@mediafire.com,Female,146.252.246.88
246,Evangelina,Drinnan,edrinnan6t@trellian.com,Female,9.240.224.86
247,Myrle,Wanless,mwanless6u@businessweek.com,Female,20.38.53.204
248,Andrea,Rae,arae6v@networksolutions.com,Male,73.78.44.84
249,Tori,Oneal,toneal6w@tripadvisor.com,Female,62.160.40.102
250,Dorie,Fifield,dfifield6x@geocities.jp,Male,115.240.212.197
251,Joela,Batham,jbatham6y@mapy.cz,Female,142.84.140.176
252,Lorrie,Laviste,llaviste6z@about.me,Male,238.164.41.250
253,Shay,Fishburn,sfishburn70@mail.ru,Female,253.111.98.253
254,Karrah,Hodgins,khodgins71@twitter.com,Female,113.104.128.219
255,Muffin,Born,mborn72@163.com,Female,109.21.35.121
256,Nelle,Gerrit,ngerrit73@patch.com,Female,1.21.76.190
257,Haroun,Dilland,hdilland74@marriott.com,Male,120.81.203.203
258,Arvie,Enrrico,aenrrico75@theatlantic.com,Male,236.188.212.210
259,Dwayne,Tackes,dtackes76@diigo.com,Male,162.31.19.21
260,Judon,Varker,jvarker77@springer.com,Male,252.0.122.93
261,Cosme,Stapleford,cstapleford78@webmd.com,Male,205.205.158.108
262,Mollie,Sanbroke,msanbroke79@shutterfly.com,Female,171.85.7.192
263,Dorita,De Castri,ddecastri7a@creativecommons.org,Female,88.18.136.132
264,Nehemiah,Napton,nnapton7b@github.io,Male,197.118.65.249
265,Trina,Jenkerson,tjenkerson7c@unc.edu,Female,134.200.35.45
266,Benjie,Scotland,bscotland7d@yandex.ru,Male,100.108.208.194
267,Krystyna,Tittletross,ktittletross7e@sbwire.com,Female,238.37.255.249
268,Duane,Giovanni,dgiovanni7f@dmoz.org,Male,190.113.161.71
269,Krista,Catterson,kcatterson7g@marriott.com,Female,219.151.77.255
270,Antonin,Hackey,ahackey7h@ifeng.com,Male,249.14.227.30
271,Wit,Hubner,whubner7i@rambler.ru,Male,97.48.195.50
272,Gawen,Cocklie,gcocklie7j@surveymonkey.com,Male,130.171.94.109
273,Bernard,Duplock,bduplock7k@weibo.com,Male,116.217.227.158
274,Tybi,Mathy,tmathy7l@aol.com,Female,8.222.236.230
275,Culver,Rowswell,crowswell7m@aol.com,Male,174.161.249.212
276,Tessa,Vakhlov,tvakhlov7n@intel.com,Female,251.190.125.99
277,Chiarra,Discombe,cdiscombe7o@feedburner.com,Female,189.147.224.117
278,Gayler,Mathissen,gmathissen7p@oaic.gov.au,Male,152.166.11.200
279,Enos,Grieg,egrieg7q@tuttocitta.it,Male,3.100.137.85
280,Doe,Truran,dtruran7r@usda.gov,Female,123.122.35.203
281,Tisha,Chesley,tchesley7s@indiegogo.com,Female,81.221.174.213
282,Quintina,Swinburn,qswinburn7t@wikia.com,Female,23.234.255.221
283,Ronalda,Wallis,rwallis7u@wordpress.org,Female,209.100.108.176
284,Mayer,Stewartson,mstewartson7v@wix.com,Male,140.253.183.59
285,Tabbie,Upstone,tupstone7w@youku.com,Male,32.81.204.14
286,Jolee,Staining,jstaining7x@wufoo.com,Female,105.108.225.116
287,Iris,Jerzyk,ijerzyk7y@wix.com,Female,120.246.147.71
288,Rancell,Labitt,rlabitt7z@google.co.jp,Male,180.193.242.59
289,Editha,Taffley,etaffley80@mysql.com,Female,105.237.97.82
290,Hermon,Huygen,hhuygen81@tinyurl.com,Male,234.86.132.219
291,Marylou,Guitt,mguitt82@github.com,Female,138.123.195.235
292,Ole,Machans,omachans83@bandcamp.com,Male,4.82.69.230
293,Herby,Ebsworth,hebsworth84@xing.com,Male,51.184.244.125
294,Bradney,Langsdon,blangsdon85@dagondesign.com,Male,221.252.37.109
295,Charil,Tulloch,ctulloch86@telegraph.co.uk,Female,127.211.142.90
296,Brent,Routley,broutley87@de.vu,Male,13.230.71.148
297,Carolan,Brevitt,cbrevitt88@feedburner.com,Female,155.11.215.174
298,Sandye,Mundy,smundy89@marketwatch.com,Female,164.169.145.186
299,Justen,Sedgefield,jsedgefield8a@china.com.cn,Male,216.106.180.35
300,Thomasin,Millins,tmillins8b@usatoday.com,Female,155.60.195.40
301,Olivie,Kildea,okildea8c@yellowpages.com,Female,193.74.162.45
302,Abel,MacVanamy,amacvanamy8d@unesco.org,Male,40.15.114.158
303,Norby,Leynham,nleynham8e@indiatimes.com,Male,69.252.76.254
304,Adelbert,Thow,athow8f@fema.gov,Male,43.37.122.6
305,Sheila-kathryn,Fallows,sfallows8g@hexun.com,Female,37.205.98.90
306,Merilyn,Danielis,mdanielis8h@bloglines.com,Female,9.161.44.132
307,Killy,Oiller,koiller8i@cbc.ca,Male,166.153.99.128
308,Fletcher,Mc-Kerley,fmckerley8j@kickstarter.com,Male,223.164.33.141
309,Sheppard,Hairesnape,shairesnape8k@guardian.co.uk,Male,56.160.208.28
310,Daune,Feavers,dfeavers8l@msu.edu,Female,135.101.250.140
311,Beatrice,Cone,bcone8m@cafepress.com,Female,254.242.81.114
312,Stanfield,Jarville,sjarville8n@ihg.com,Male,232.40.253.24
313,Berti,Boggon,bboggon8o@umich.edu,Male,124.37.122.5
314,Nalani,Wittke,nwittke8p@blog.com,Female,171.21.53.48
315,Hollyanne,Crane,hcrane8q@walmart.com,Female,220.43.17.225
316,Jory,Spatarul,jspatarul8r@biglobe.ne.jp,Male,18.215.204.130
317,Innis,Shortan,ishortan8s@multiply.com,Male,157.126.181.169
318,Rafaela,McNabb,rmcnabb8t@cornell.edu,Female,39.134.136.139
319,Hope,Mathiassen,hmathiassen8u@sitemeter.com,Female,225.211.182.27
320,Samantha,Stanyland,sstanyland8v@disqus.com,Female,15.83.192.15
321,Franchot,Pagram,fpagram8w@devhub.com,Male,142.47.121.120
322,Ernest,Ullock,eullock8x@bravesites.com,Male,61.233.99.211
323,Josephina,Lauder,jlauder8y@alibaba.com,Female,231.182.145.156
324,Patrica,Cayette,pcayette8z@bloglovin.com,Female,218.157.65.1
325,Ephrem,Whelpton,ewhelpton90@theguardian.com,Male,146.106.169.50
326,Gustavo,Silman,gsilman91@pen.io,Male,30.142.211.70
327,Win,Darrigone,wdarrigone92@is.gd,Male,64.179.241.129
328,Ingram,Circuitt,icircuitt93@hao123.com,Male,128.141.199.41
329,Daryle,Sidden,dsidden94@psu.edu,Male,141.35.145.189
330,Meagan,Friend,mfriend95@patch.com,Female,204.137.217.30
331,Buckie,Farrent,bfarrent96@etsy.com,Male,241.48.238.110
332,Cordy,Brydon,cbrydon97@businessweek.com,Male,40.69.70.105
333,Nessie,Gjerde,ngjerde98@wsj.com,Female,24.254.110.138
334,Maurise,Griffey,mgriffey99@skyrock.com,Male,119.5.233.8
335,Nicole,Fortnon,nfortnon9a@creativecommons.org,Female,26.119.253.224
336,Chantalle,Stampe,cstampe9b@histats.com,Female,168.248.213.157
337,Cristi,Slocum,cslocum9c@buzzfeed.com,Female,26.76.214.10
338,Kirbie,Medway,kmedway9d@usda.gov,Female,236.195.21.30
339,Darnell,Twoohy,dtwoohy9e@latimes.com,Male,35.232.44.128
340,Reiko,Schust,rschust9f@woothemes.com,Female,176.125.174.7
341,Raphael,Moralee,rmoralee9g@icq.com,Male,12.232.109.201
342,Sauveur,Clayworth,sclayworth9h@yolasite.com,Male,173.248.51.185
343,Charla,McGuinness,cmcguinness9i@chronoengine.com,Female,99.12.103.145
344,Vere,Langridge,vlangridge9j@mashable.com,Female,218.248.187.22
345,Laird,Reiach,lreiach9k@alexa.com,Male,23.63.124.52
346,Ruthi,Diggons,rdiggons9l@soup.io,Female,139.36.140.63
347,Hillary,Jakoviljevic,hjakoviljevic9m@naver.com,Female,96.199.251.95
348,Cirillo,Rennard,crennard9n@chronoengine.com,Male,206.103.186.177
349,Bradney,Crippin,bcrippin9o@bravesites.com,Male,107.148.176.155
350,Melodie,Milkeham,mmilkeham9p@alibaba.com,Female,33.203.14.40
351,Lydia,Casolla,lcasolla9q@cnbc.com,Female,81.115.56.227
352,Rowney,Allicock,rallicock9r@marketwatch.com,Male,208.188.253.24
353,Guinna,Cochrane,gcochrane9s@skype.com,Female,29.76.108.88
354,Cly,Ianittello,cianittello9t@delicious.com,Male,190.24.127.189
355,Jorey,Wey,jwey9u@weibo.com,Female,111.199.201.2
356,Margi,Roubottom,mroubottom9v@marriott.com,Female,214.33.131.187
357,Danny,Lacky,dlacky9w@unc.edu,Female,111.211.198.13
358,Felicdad,Lowing,flowing9x@tamu.edu,Female,199.115.112.179
359,Joby,Knowlman,jknowlman9y@drupal.org,Female,137.169.147.2
360,John,Eppson,jeppson9z@behance.net,Male,57.112.138.85
361,Hal,Oakley,hoakleya0@chron.com,Male,213.125.143.52
362,Rebeca,Mushett,rmushetta1@ovh.net,Female,215.207.210.153
363,Hermine,Spieght,hspieghta2@comsenz.com,Female,114.79.33.202
364,Herc,Mantha,hmanthaa3@posterous.com,Male,23.8.197.167
365,Diana,Fenwick,dfenwicka4@nydailynews.com,Female,112.15.201.186
366,Bamby,Rubin,brubina5@yandex.ru,Female,70.46.96.120
367,Rolph,Chudleigh,rchudleigha6@linkedin.com,Male,99.133.177.90
368,Myca,Packham,mpackhama7@clickbank.net,Male,70.117.77.171
369,Helaina,Roobottom,hroobottoma8@github.io,Female,205.32.144.58
370,Pip,Aleksankov,paleksankova9@bluehost.com,Male,178.190.12.71
371,Lesley,Caldwell,lcaldwellaa@squarespace.com,Female,224.67.121.137
372,Aharon,Chupin,achupinab@sogou.com,Male,242.3.231.219
373,Puff,Guiu,pguiuac@wix.com,Male,166.225.3.3
374,Thurston,Caddan,tcaddanad@theguardian.com,Male,179.100.249.86
375,Thomasa,Erskine Sandys,terskinesandysae@nih.gov,Female,23.67.189.56
376,Ariel,Mohamed,amohamedaf@ox.ac.uk,Female,118.31.44.200
377,Esta,Vonasek,evonasekag@goo.ne.jp,Female,122.199.214.48
378,Mayer,Ramsier,mramsierah@edublogs.org,Male,80.71.138.46
379,Hebert,Hendin,hhendinai@walmart.com,Male,237.220.30.101
380,Cherey,Lamps,clampsaj@live.com,Female,143.42.199.45
381,Dominique,Dray,ddrayak@mashable.com,Male,99.48.195.159
382,Doralyn,Rizzardi,drizzardial@sina.com.cn,Female,203.135.221.240
383,Abrahan,Gervaise,agervaiseam@freewebs.com,Male,128.39.91.255
384,Franz,Truin,ftruinan@dailymail.co.uk,Male,84.160.180.74
385,Juliane,Vieyra,jvieyraao@typepad.com,Female,239.169.121.230
386,Zechariah,Le Moucheux,zlemoucheuxap@spotify.com,Male,128.204.10.125
387,Grantham,Chape,gchapeaq@vkontakte.ru,Male,76.75.18.49
388,Kristofor,Alkin,kalkinar@purevolume.com,Male,228.100.224.150
389,Delores,Parkhouse,dparkhouseas@cpanel.net,Female,11.97.65.209
390,Blanch,Gleder,bglederat@studiopress.com,Female,43.57.44.37
391,Francisco,Keuneke,fkeunekeau@lycos.com,Male,52.230.188.207
392,Kissee,Acock,kacockav@usnews.com,Female,123.250.120.128
393,Giuseppe,Adolphine,gadolphineaw@techcrunch.com,Male,111.223.254.84
394,Sonja,Aish,saishax@forbes.com,Female,252.179.141.68
395,Blair,Echallier,bechallieray@dagondesign.com,Male,33.221.248.231
396,Reece,Lincey,rlinceyaz@com.com,Male,28.17.155.71
397,Sauncho,Delle,sdelleb0@mysql.com,Male,66.104.63.61
398,Hayes,Konneke,hkonnekeb1@myspace.com,Male,104.225.216.234
399,Rani,Placido,rplacidob2@godaddy.com,Female,30.77.226.164
400,Ricky,Sale,rsaleb3@delicious.com,Male,230.82.0.188
401,Lesley,Abbiss,labbissb4@globo.com,Male,84.116.68.204
402,Melicent,Jeannel,mjeannelb5@unc.edu,Female,242.70.236.103
403,Shelli,Brunsdon,sbrunsdonb6@clickbank.net,Female,225.130.200.166
404,Debora,McGourty,dmcgourtyb7@acquirethisname.com,Female,122.108.233.173
405,Gibb,Roddy,groddyb8@sphinn.com,Male,3.23.219.196
406,Arvie,Propper,apropperb9@dot.gov,Male,223.186.196.155
407,Barthel,Pennetta,bpennettaba@aboutads.info,Male,221.219.89.97
408,Avery,Paraman,aparamanbb@redcross.org,Male,103.20.154.233
409,Nerita,Upcraft,nupcraftbc@thetimes.co.uk,Female,43.40.82.186
410,Blake,Tinline,btinlinebd@merriam-webster.com,Female,246.195.245.96
411,Raeann,Hamill,rhamillbe@jalbum.net,Female,102.98.0.16
412,Kelby,Abels,kabelsbf@nhs.uk,Male,84.55.251.27
413,Cristi,Habbema,chabbemabg@phpbb.com,Female,158.66.239.65
414,Ingra,Gresswell,igresswellbh@disqus.com,Male,21.27.252.196
415,Roman,Brimble,rbrimblebi@google.pl,Male,92.176.254.47
416,Wynny,Gland,wglandbj@ebay.co.uk,Female,72.238.82.144
417,Edna,Gally,egallybk@addtoany.com,Female,159.48.120.156
418,Lisabeth,Donoher,ldonoherbl@marriott.com,Female,29.232.188.167
419,Alysa,Uvedale,auvedalebm@dot.gov,Female,43.217.182.205
420,Mikael,Gaythorpe,mgaythorpebn@facebook.com,Male,188.224.63.102
421,Yvor,Kennard,ykennardbo@blinklist.com,Male,103.147.90.6
422,Syd,Pauwel,spauwelbp@cnn.com,Male,231.138.174.197
423,Lissy,Boydell,lboydellbq@hud.gov,Female,189.239.29.0
424,Ayn,De Laci,adelacibr@biblegateway.com,Female,94.235.6.2
425,Maribelle,McInulty,mmcinultybs@aol.com,Female,201.76.115.200
426,Andree,Pasticznyk,apasticznykbt@multiply.com,Female,173.255.179.128
427,Ode,Cahill,ocahillbu@woothemes.com,Male,169.128.170.85
428,Harrison,Savaage,hsavaagebv@addtoany.com,Male,199.9.249.167
429,Rey,Wallett,rwallettbw@ucoz.ru,Male,41.58.176.39
430,Ferdie,Shackesby,fshackesbybx@va.gov,Male,171.210.110.195
431,Gerardo,Demaine,gdemaineby@google.es,Male,113.35.35.53
432,Homer,Sasser,hsasserbz@altervista.org,Male,124.31.75.69
433,Mora,Benton,mbentonc0@timesonline.co.uk,Female,197.181.169.214
434,Ingeberg,Lawland,ilawlandc1@nymag.com,Female,117.91.35.93
435,Oralia,Gipps,ogippsc2@amazon.co.uk,Female,254.165.72.149
436,Oriana,Frigout,ofrigoutc3@sfgate.com,Female,64.119.17.64
437,Pascal,Gregine,pgreginec4@friendfeed.com,Male,12.241.226.240
438,Ozzy,Zincke,ozinckec5@arizona.edu,Male,240.19.187.241
439,Kitti,McJury,kmcjuryc6@bigcartel.com,Female,2.153.224.110
440,Lucita,Ricco,lriccoc7@berkeley.edu,Female,229.250.34.69
441,Wash,Scougall,wscougallc8@mapquest.com,Male,59.16.34.119
442,Adam,Charters,achartersc9@ucoz.com,Male,132.196.89.38
443,Daryn,Youson,dyousonca@spiegel.de,Female,27.201.72.129
444,Jacqui,Cabera,jcaberacb@theatlantic.com,Female,67.200.56.103
445,Emelia,Chiplin,echiplincc@github.io,Female,67.27.60.197
446,Ailina,Durning,adurningcd@va.gov,Female,190.250.102.12
447,Hilliary,Fontenot,hfontenotce@csmonitor.com,Female,252.118.132.246
448,Pegeen,Catton,pcattoncf@house.gov,Female,215.133.206.109
449,Sigismund,Fibbit,sfibbitcg@statcounter.com,Male,172.90.101.92
450,Willie,Chilvers,wchilversch@shutterfly.com,Male,181.1.233.224
451,Elmore,Ffrench,effrenchci@scribd.com,Male,182.109.169.144
452,Allyn,Pendrich,apendrichcj@va.gov,Male,148.159.119.104
453,Dominga,Passman,dpassmanck@census.gov,Female,174.164.34.106
454,Glyn,Flook,gflookcl@bbc.co.uk,Female,66.114.25.179
455,Giorgio,Coltman,gcoltmancm@ovh.net,Male,112.204.244.90
456,Sherwynd,Praill,spraillcn@sohu.com,Male,118.164.79.56
457,Zeke,Chasle,zchasleco@amazon.co.uk,Male,111.69.134.96
458,Nicoli,Ladel,nladelcp@census.gov,Female,129.56.0.70
459,Hunt,Malsher,hmalshercq@bluehost.com,Male,34.197.200.58
460,Isaac,Lympenie,ilympeniecr@pcworld.com,Male,180.99.146.116
461,Nedi,Redmayne,nredmaynecs@ted.com,Female,152.20.141.66
462,Costanza,Gammell,cgammellct@symantec.com,Female,60.139.219.80
463,Justin,Dallon,jdalloncu@slate.com,Male,44.9.6.162
464,Skelly,Dahlgren,sdahlgrencv@reverbnation.com,Male,30.116.168.233
465,Enoch,Wildman,ewildmancw@nymag.com,Male,79.238.89.182
466,Kyle,Banner,kbannercx@fc2.com,Female,195.179.230.208
467,Mano,Artrick,martrickcy@cpanel.net,Male,137.55.4.108
468,Welby,Tolan,wtolancz@technorati.com,Male,10.235.220.227
469,Goldy,Sedgwick,gsedgwickd0@delicious.com,Female,166.169.163.103
470,Aksel,Extence,aextenced1@engadget.com,Male,3.123.19.75
471,Lamar,Blazek,lblazekd2@youku.com,Male,10.119.241.77
472,Gwenore,Bollans,gbollansd3@uiuc.edu,Female,90.18.60.153
473,Morgan,Parncutt,mparncuttd4@nytimes.com,Male,44.71.57.169
474,Kai,Madgwich,kmadgwichd5@moonfruit.com,Female,57.107.27.238
475,Jonathon,Danat,jdanatd6@huffingtonpost.com,Male,90.56.7.225
476,Hewe,Collett,hcollettd7@sourceforge.net,Male,34.245.75.179
477,Pegeen,Jacquot,pjacquotd8@economist.com,Female,86.49.50.118
478,Rem,Kuban,rkuband9@ftc.gov,Male,204.5.11.99
479,Nevin,Edinboro,nedinboroda@newyorker.com,Male,236.79.89.218
480,Maia,Richemond,mrichemonddb@ucoz.com,Female,10.183.46.200
481,Jody,Horsey,jhorseydc@abc.net.au,Female,180.5.15.106
482,Leslie,Cassey,lcasseydd@theglobeandmail.com,Male,170.173.186.174
483,Corie,Raisbeck,craisbeckde@blogspot.com,Female,194.246.88.197
484,Lanae,Stanwix,lstanwixdf@discuz.net,Female,162.176.238.43
485,Silvia,Wanklin,swanklindg@rediff.com,Female,32.213.23.27
486,Rufe,Bouldon,rbouldondh@aboutads.info,Male,87.144.49.171
487,Kimberli,Rathmell,krathmelldi@freewebs.com,Female,177.211.56.187
488,Emile,Binnell,ebinnelldj@macromedia.com,Male,192.113.182.156
489,Nikki,Islep,nislepdk@bbc.co.uk,Female,186.73.236.159
490,Simonne,Ahlin,sahlindl@intel.com,Female,188.134.32.207
491,Axel,Bossom,abossomdm@amazonaws.com,Male,26.121.47.114
492,Lynna,Beynon,lbeynondn@illinois.edu,Female,172.46.60.39
493,Joelle,Corrett,jcorrettdo@jugem.jp,Female,145.4.223.204
494,Cassey,Brownlie,cbrownliedp@shop-pro.jp,Female,79.57.152.44
495,Mord,Goshawke,mgoshawkedq@netlog.com,Male,187.5.57.220
496,Almeta,Moors,amoorsdr@ustream.tv,Female,52.51.80.2
497,Ruprecht,Stanlock,rstanlockds@tinypic.com,Male,80.228.223.39
498,Henrik,MacGebenay,hmacgebenaydt@sun.com,Male,62.97.34.48
499,Earle,Cicconettii,ecicconettiidu@mtv.com,Male,121.223.174.28
500,Jon,Surgood,jsurgooddv@lulu.com,Male,223.184.63.235
501,Rhiamon,Dunk,rdunkdw@theglobeandmail.com,Female,220.6.136.10
502,Carol-jean,Pena,cpenadx@answers.com,Female,112.49.73.8
503,Timotheus,Lambshine,tlambshinedy@storify.com,Male,176.101.236.75
504,Nickie,Figg,nfiggdz@netlog.com,Female,100.18.146.49
505,Alvinia,Delamere,adelameree0@businessweek.com,Female,138.100.23.80
506,Lorianne,Brownbill,lbrownbille1@discuz.net,Female,121.100.173.47
507,Amalle,Yurenin,ayurenine2@shop-pro.jp,Female,216.243.196.213
508,Bruce,Newis,bnewise3@ameblo.jp,Male,80.33.1.142
509,Dorey,Sallings,dsallingse4@edublogs.org,Female,0.131.48.229
510,Aridatha,Stonehewer,astonehewere5@meetup.com,Female,222.201.89.213
511,Faber,Kinze,fkinzee6@youtu.be,Male,76.145.161.77
512,Kimbell,Tatlow,ktatlowe7@mysql.com,Male,186.180.201.50
513,Karlee,Trayford,ktrayforde8@salon.com,Female,196.199.141.97
514,Sissy,Warden,swardene9@nytimes.com,Female,213.214.140.59
515,Tucky,McGruar,tmcgruarea@ucsd.edu,Male,7.127.115.99
516,Pauletta,Josofovitz,pjosofovitzeb@harvard.edu,Female,86.137.140.162
517,Emmy,Harcourt,eharcourtec@ustream.tv,Female,102.60.246.97
518,Christie,Cowins,ccowinsed@furl.net,Male,43.189.250.139
519,Dolley,Britner,dbritneree@ibm.com,Female,171.177.226.43
520,Floria,Dearden,fdeardenef@usnews.com,Female,232.73.214.121
521,Brittani,Daniello,bdanielloeg@unicef.org,Female,210.100.85.4
522,Claudell,Skone,cskoneeh@hc360.com,Male,32.202.243.106
523,Selena,Fidler,sfidlerei@mozilla.org,Female,115.153.222.81
524,George,Nursey,gnurseyej@youtu.be,Male,124.245.184.197
525,Felicia,Cadding,fcaddingek@seesaa.net,Female,184.31.178.63
526,Barbe,Moody,bmoodyel@weather.com,Female,186.178.207.226
527,Dody,Klimas,dklimasem@auda.org.au,Female,77.83.138.130
528,Tim,Jozef,tjozefen@umn.edu,Male,106.71.74.211
529,Veriee,Girardi,vgirardieo@hexun.com,Female,199.44.101.116
530,Graig,Blowick,gblowickep@ovh.net,Male,96.63.91.97
531,Glenine,Prier,gpriereq@netscape.com,Female,105.116.251.87
532,Willyt,Bolt,wbolter@businessweek.com,Female,92.20.255.55
533,Maud,Gummer,mgummeres@unc.edu,Female,186.137.161.198
534,Lorry,Featherstonhaugh,lfeatherstonhaughet@wp.com,Female,151.102.165.121
535,Lois,Lohering,lloheringeu@netscape.com,Female,169.207.249.86
536,Aindrea,Garrold,agarroldev@g.co,Female,174.36.103.50
537,Ad,Niccolls,aniccollsew@tinyurl.com,Male,101.16.191.207
538,Billye,Tink,btinkex@so-net.ne.jp,Female,44.240.249.81
539,Archibald,Stother,astotherey@mozilla.org,Male,188.135.82.180
540,Merill,Rubroe,mrubroeez@cnbc.com,Male,229.67.38.108
541,Laura,Mosen,lmosenf0@wordpress.com,Female,6.148.0.50
542,West,Malloch,wmallochf1@gov.uk,Male,155.70.102.20
543,Claude,Whanstall,cwhanstallf2@java.com,Female,185.232.90.5
544,Archibaldo,Crockford,acrockfordf3@tinypic.com,Male,134.77.50.124
545,Hill,Bolzen,hbolzenf4@utexas.edu,Male,212.190.31.124
546,Stacey,Blacksell,sblacksellf5@chicagotribune.com,Female,36.98.180.0
547,Wendi,Duddin,wduddinf6@usnews.com,Female,128.214.45.233
548,Cash,Haryngton,charyngtonf7@ycombinator.com,Male,226.15.48.81
549,Tedi,Worvill,tworvillf8@moonfruit.com,Female,192.117.33.211
550,Odelia,Lorriman,olorrimanf9@nationalgeographic.com,Female,133.107.182.24
551,Lyle,Bottrill,lbottrillfa@tripadvisor.com,Male,123.146.170.58
552,Bernadette,Salkeld,bsalkeldfb@usnews.com,Female,187.134.226.100
553,Ferdinand,Tearle,ftearlefc@google.it,Male,86.22.146.121
554,Daisie,Goldsberry,dgoldsberryfd@thetimes.co.uk,Female,17.159.252.28
555,Ganny,Jeannin,gjeanninfe@cnn.com,Male,138.197.227.233
556,Haskel,Rodolfi,hrodolfiff@hibu.com,Male,173.85.250.18
557,Elora,McGaraghan,emcgaraghanfg@soundcloud.com,Female,197.196.235.50
558,Anthiathia,Furbank,afurbankfh@vimeo.com,Female,0.229.193.209
559,Charlean,Chaves,cchavesfi@alibaba.com,Female,185.3.16.219
560,Tabbie,Baumler,tbaumlerfj@arstechnica.com,Female,81.186.212.244
561,Timmie,Van den Bosch,tvandenboschfk@creativecommons.org,Female,29.134.87.90
562,Joycelin,Dilworth,jdilworthfl@163.com,Female,118.77.158.26
563,Danila,Spennock,dspennockfm@usatoday.com,Female,93.122.231.175
564,Georgetta,Bowton,gbowtonfn@icq.com,Female,120.175.92.131
565,Raimund,Cawdron,rcawdronfo@archive.org,Male,208.247.47.214
566,Nikolaos,Haysey,nhayseyfp@goo.ne.jp,Male,143.92.80.227
567,Rois,Coard,rcoardfq@moonfruit.com,Female,204.45.182.17
568,Arleta,MacLucais,amaclucaisfr@cafepress.com,Female,254.216.33.62
569,Albrecht,Wormleighton,awormleightonfs@weather.com,Male,36.253.117.208
570,Robers,Sicely,rsicelyft@usa.gov,Male,78.112.21.235
571,Zora,Manilo,zmanilofu@last.fm,Female,72.252.51.165
572,Kane,Arenson,karensonfv@wp.com,Male,121.49.108.41
573,Sidney,Toy,stoyfw@godaddy.com,Male,252.54.49.80
574,Sean,Greser,sgreserfx@artisteer.com,Male,16.58.67.236
575,Pennie,Concannon,pconcannonfy@nyu.edu,Male,157.99.130.143
576,Wally,Alfuso,walfusofz@studiopress.com,Female,206.252.232.77
577,Adella,MacDuff,amacduffg0@psu.edu,Female,90.75.18.171
578,Jean,Stormouth,jstormouthg1@chron.com,Female,155.90.48.1
579,Josepha,Woolland,jwoollandg2@arizona.edu,Female,213.66.105.208
580,Nikola,Jermin,njerming3@pbs.org,Male,25.191.147.188
581,Paxon,Amesbury,pamesburyg4@theguardian.com,Male,112.82.189.235
582,Tildy,Maslen,tmasleng5@virginia.edu,Female,125.30.49.19
583,Jemimah,Scoon,jscoong6@craigslist.org,Female,35.175.253.63
584,Sylvan,Keyho,skeyhog7@archive.org,Male,136.196.122.142
585,Thatch,Jolland,tjollandg8@hubpages.com,Male,171.24.69.57
586,Shelli,MacCurlye,smaccurlyeg9@goo.ne.jp,Female,5.241.215.147
587,Ailene,Insworth,ainsworthga@bloomberg.com,Female,29.21.19.55
588,Konstantin,Mathews,kmathewsgb@usa.gov,Male,105.175.66.217
589,Ollie,Benit,obenitgc@symantec.com,Female,198.77.14.228
590,Barrie,Mutton,bmuttongd@google.nl,Female,166.57.147.64
591,Gene,Messam,gmessamge@tumblr.com,Female,42.31.136.129
592,Nolie,Crimp,ncrimpgf@hibu.com,Female,176.43.7.23
593,Tristan,Bamforth,tbamforthgg@mac.com,Male,58.242.153.99
594,Gussie,Busfield,gbusfieldgh@freewebs.com,Female,29.108.187.144
595,Nealon,MacPaike,nmacpaikegi@google.co.jp,Male,93.195.39.229
596,Leland,Trotton,ltrottongj@ca.gov,Male,250.166.113.84
597,Tarrah,Evens,tevensgk@shareasale.com,Female,161.165.175.108
598,Auberta,Iban,aibangl@mtv.com,Female,180.204.63.156
599,Ugo,Gabotti,ugabottigm@foxnews.com,Male,75.163.180.24
600,Harri,Cornils,hcornilsgn@lulu.com,Female,239.14.153.136
601,Peyton,Sworn,psworngo@timesonline.co.uk,Male,199.17.91.180
602,Hogan,Lorie,hloriegp@adobe.com,Male,216.19.39.216
603,Sherye,World,sworldgq@dailymail.co.uk,Female,19.86.226.223
604,Welbie,Lamanby,wlamanbygr@google.nl,Male,4.41.185.152
605,Vladimir,Fender,vfendergs@geocities.jp,Male,215.73.7.127
606,Victoir,Broszkiewicz,vbroszkiewiczgt@goodreads.com,Male,112.224.143.196
607,Dudley,Blaszczyk,dblaszczykgu@163.com,Male,213.169.34.239
608,Jeanette,Echelle,jechellegv@is.gd,Female,148.66.43.28
609,Burt,Youd,byoudgw@rakuten.co.jp,Male,42.118.66.37
610,Yvonne,Gowing,ygowinggx@oaic.gov.au,Female,86.40.243.12
611,Godfry,Trewhitt,gtrewhittgy@cdc.gov,Male,245.134.217.202
612,Morlee,Natalie,mnataliegz@un.org,Male,18.85.253.59
613,Britt,Wilacot,bwilacoth0@spiegel.de,Male,159.34.237.247
614,Bailie,Neggrini,bneggrinih1@google.de,Male,228.81.122.64
615,Marilin,Peacher,mpeacherh2@businessinsider.com,Female,203.162.218.188
616,Dicky,Colthard,dcolthardh3@technorati.com,Male,113.147.175.190
617,Eleni,Kettle,ekettleh4@discovery.com,Female,102.124.51.132
618,Oates,Casero,ocaseroh5@myspace.com,Male,201.138.221.237
619,Kilian,Scannell,kscannellh6@usatoday.com,Male,80.139.178.222
620,Carolyne,Beatens,cbeatensh7@yellowbook.com,Female,128.67.131.152
621,Bobbee,Loutheane,bloutheaneh8@globo.com,Female,60.195.219.19
622,Maurene,Pedican,mpedicanh9@ftc.gov,Female,22.187.70.165
623,Saxon,McLurg,smclurgha@theglobeandmail.com,Male,209.241.95.199
624,Buck,Ginnelly,bginnellyhb@cnet.com,Male,74.207.98.112
625,Shaine,Murcutt,smurcutthc@lycos.com,Female,137.72.254.157
626,Colin,Gotcliffe,cgotcliffehd@php.net,Male,170.173.49.227
627,Conrade,Durward,cdurwardhe@chicagotribune.com,Male,99.47.106.219
628,Glyn,Mugridge,gmugridgehf@issuu.com,Female,215.232.79.35
629,Raffarty,Naptine,rnaptinehg@opensource.org,Male,3.86.158.57
630,Dody,Edon,dedonhh@house.gov,Female,196.170.239.111
631,Nye,Head,nheadhi@meetup.com,Male,189.19.142.240
632,Thedric,Mariette,tmariettehj@ibm.com,Male,136.75.159.119
633,Ives,Brolechan,ibrolechanhk@dedecms.com,Male,159.165.228.96
634,Rafa,McReath,rmcreathhl@salon.com,Female,138.84.190.27
635,Stefano,Lantuff,slantuffhm@cocolog-nifty.com,Male,251.84.82.170
636,Corrie,Cowser,ccowserhn@mail.ru,Male,6.185.96.81
637,Malynda,Cokely,mcokelyho@drupal.org,Female,5.112.190.163
638,Noby,Mogridge,nmogridgehp@hexun.com,Male,102.48.202.85
639,Demott,Ginie,dginiehq@skype.com,Male,51.251.178.251
640,Luciano,Peyntue,lpeyntuehr@berkeley.edu,Male,184.233.61.65
641,Ekaterina,Samuels,esamuelshs@census.gov,Female,152.248.42.25
642,Annis,Boyne,aboyneht@booking.com,Female,42.140.208.121
643,Angelia,Barsby,abarsbyhu@businessweek.com,Female,254.92.176.14
644,Leandra,Wicklen,lwicklenhv@hud.gov,Female,94.192.102.75
645,Bret,Brookfield,bbrookfieldhw@skype.com,Male,10.217.241.223
646,Guillaume,Yaxley,gyaxleyhx@themeforest.net,Male,120.32.79.123
647,Justen,Alloisi,jalloisihy@kickstarter.com,Male,162.89.240.242
648,Bianka,Acors,bacorshz@pcworld.com,Female,195.153.102.205
649,Worden,Kollach,wkollachi0@soup.io,Male,92.113.63.134
650,Nestor,Tabner,ntabneri1@ox.ac.uk,Male,172.116.90.138
651,Josee,Cordeau],jcordeaui2@pcworld.com,Female,120.115.141.73
652,Gauthier,Kalewe,gkalewei3@earthlink.net,Male,188.156.5.27
653,Costa,Morrissey,cmorrisseyi4@ustream.tv,Male,49.138.105.236
654,Christyna,Cabrer,ccabreri5@unicef.org,Female,145.93.71.14
655,Myrilla,Posnette,mposnettei6@whitehouse.gov,Female,70.99.143.191
656,Albertina,Clemoes,aclemoesi7@msu.edu,Female,51.196.22.217
657,Dill,Jemmison,djemmisoni8@prweb.com,Male,197.130.150.157
658,Annis,Pentony,apentonyi9@webs.com,Female,23.241.205.20
659,Winthrop,Blitzer,wblitzeria@washingtonpost.com,Male,208.207.100.107
660,Raquela,Trattles,rtrattlesib@newsvine.com,Female,182.54.224.135
661,Arthur,Edel,aedelic@goodreads.com,Male,59.243.200.119
662,Baudoin,Braghini,bbraghiniid@goodreads.com,Male,160.184.111.67
663,Eziechiele,Dudson,edudsonie@prnewswire.com,Male,40.212.244.206
664,Aura,Kenny,akennyif@upenn.edu,Female,132.233.220.150
665,Shanon,Jouannot,sjouannotig@github.com,Female,27.239.128.125
666,Natalya,Fourcade,nfourcadeih@smugmug.com,Female,174.213.47.180
667,Fredrika,Gordge,fgordgeii@sina.com.cn,Female,196.103.36.89
668,Althea,Nanni,ananniij@sogou.com,Female,49.110.138.10
669,Adan,Sitlinton,asitlintonik@fotki.com,Male,153.188.209.200
670,Joelle,Illes,jillesil@mit.edu,Female,120.32.110.90
671,Truman,Guenther,tguentherim@rakuten.co.jp,Male,78.193.238.22
672,Esra,Gorman,egormanin@walmart.com,Male,63.153.206.188
673,Reuven,Newham,rnewhamio@techcrunch.com,Male,224.0.15.48
674,Vlad,Filyaev,vfilyaevip@adobe.com,Male,189.120.109.12
675,Glenine,Bedlington,gbedlingtoniq@free.fr,Female,71.51.114.36
676,Dukie,Grinov,dgrinovir@drupal.org,Male,74.218.186.155
677,Alfreda,Blunsom,ablunsomis@newsvine.com,Female,40.109.147.50
678,Artur,Sket,asketit@imgur.com,Male,18.241.93.50
679,Magdalene,Faichney,mfaichneyiu@etsy.com,Female,113.194.38.132
680,Lavinie,Sinney,lsinneyiv@devhub.com,Female,121.32.247.62
681,Jordan,Napoleone,jnapoleoneiw@arstechnica.com,Male,116.76.36.161
682,Lucio,Busain,lbusainix@jugem.jp,Male,213.233.209.91
683,Shaylyn,Fozard,sfozardiy@is.gd,Female,210.20.227.184
684,Lyndsey,Greenstreet,lgreenstreetiz@ihg.com,Female,79.178.95.192
685,Tawsha,Ruane,truanej0@dion.ne.jp,Female,49.212.226.158
686,Sven,Tabard,stabardj1@angelfire.com,Male,117.25.17.227
687,Neville,Wilkisson,nwilkissonj2@cnn.com,Male,89.24.111.82
688,Adamo,Franken,afrankenj3@bandcamp.com,Male,74.136.106.188
689,Carree,Eyden,ceydenj4@netvibes.com,Female,80.135.24.9
690,Frankie,Farlowe,ffarlowej5@geocities.com,Male,88.159.86.108
691,Jaymee,Bramelt,jbrameltj6@gmpg.org,Female,76.146.142.67
692,Sibyl,Koomar,skoomarj7@barnesandnoble.com,Female,216.53.81.236
693,Stirling,Suero,ssueroj8@nydailynews.com,Male,27.32.150.182
694,Miles,Letford,mletfordj9@wikipedia.org,Male,185.59.184.12
695,Hayden,Brimley,hbrimleyja@msn.com,Male,200.195.100.101
696,Kyle,Riglesford,kriglesfordjb@virginia.edu,Female,118.133.196.154
697,Steffen,Mangeney,smangeneyjc@over-blog.com,Male,25.197.98.98
698,Alyss,Battie,abattiejd@timesonline.co.uk,Female,222.29.74.124
699,Nevsa,Adamthwaite,nadamthwaiteje@google.co.jp,Female,228.182.115.71
700,Tobey,Bradnam,tbradnamjf@apache.org,Female,7.103.82.240
701,Alastair,Rickword,arickwordjg@columbia.edu,Male,30.200.118.167
702,Maisey,McAlroy,mmcalroyjh@discovery.com,Female,127.98.118.180
703,Mariquilla,Reboul,mreboulji@nymag.com,Female,174.116.71.89
704,Salvidor,Pimblotte,spimblottejj@buzzfeed.com,Male,249.43.227.49
705,Michele,Steptowe,msteptowejk@goo.ne.jp,Female,182.21.145.49
706,Derry,Gother,dgotherjl@apple.com,Male,144.30.19.166
707,Konstantine,Frosch,kfroschjm@arstechnica.com,Male,131.170.1.205
708,Annamarie,Winsom,awinsomjn@state.tx.us,Female,252.95.48.80
709,Edgard,Bushen,ebushenjo@gizmodo.com,Male,58.45.197.57
710,Tim,Roser,troserjp@vk.com,Male,118.189.205.91
711,Caldwell,Newlove,cnewlovejq@histats.com,Male,79.191.198.94
712,Blythe,Coolican,bcoolicanjr@slate.com,Female,156.121.224.151
713,Linnie,Oxley,loxleyjs@businesswire.com,Female,30.144.21.175
714,Towney,Cosstick,tcosstickjt@shareasale.com,Male,1.34.4.175
715,Alyse,Malkinson,amalkinsonju@tinypic.com,Female,228.61.167.199
716,Ash,Medwell,amedwelljv@prweb.com,Male,242.29.147.245
717,Christabel,Hallatt,challattjw@rediff.com,Female,116.210.57.101
718,Fitz,Enga,fengajx@netscape.com,Male,252.97.106.158
719,Bryan,Gianni,bgiannijy@wired.com,Male,235.236.4.70
720,Trueman,Lempenny,tlempennyjz@google.ru,Male,214.103.192.19
721,Ferrell,Perren,fperrenk0@google.fr,Male,175.104.103.103
722,Birch,Woodison,bwoodisonk1@ucsd.edu,Male,63.14.105.172
723,Zach,Edlyn,zedlynk2@wordpress.com,Male,28.61.120.153
724,Layla,Woollaston,lwoollastonk3@clickbank.net,Female,90.62.25.29
725,Jeramie,Boxer,jboxerk4@shutterfly.com,Male,248.183.117.213
726,Dina,Risman,drismank5@jigsy.com,Female,24.2.189.52
727,Jodie,Gerckens,jgerckensk6@nih.gov,Female,228.69.87.147
728,Fiorenze,Feechum,ffeechumk7@wikipedia.org,Female,238.49.127.11
729,Dallis,Huskisson,dhuskissonk8@latimes.com,Male,222.30.255.7
730,Dianemarie,Gages,dgagesk9@nationalgeographic.com,Female,39.148.129.56
731,Mitzi,Gullivan,mgullivanka@shop-pro.jp,Female,60.179.78.173
732,Odille,Pumphrey,opumphreykb@moonfruit.com,Female,190.71.37.145
733,Germain,Shaughnessy,gshaughnessykc@nytimes.com,Male,107.250.62.83
734,Joshuah,Sabates,jsabateskd@uiuc.edu,Male,148.75.252.116
735,Tawnya,Knellen,tknellenke@geocities.jp,Female,177.97.121.62
736,Willis,Correa,wcorreakf@list-manage.com,Male,212.240.172.192
737,Karlotta,Bodiam,kbodiamkg@noaa.gov,Female,132.102.12.175
738,Skipton,Sibary,ssibarykh@java.com,Male,115.252.252.137
739,Gretal,Cane,gcaneki@latimes.com,Female,158.128.110.116
740,Julienne,Artingstall,jartingstallkj@indiegogo.com,Female,62.108.146.38
741,Nolie,Buckell,nbuckellkk@thetimes.co.uk,Female,54.99.22.79
742,Colver,Brickner,cbricknerkl@senate.gov,Male,11.216.85.165
743,Corabelle,Godspeede,cgodspeedekm@is.gd,Female,178.234.242.25
744,Fina,Imlen,fimlenkn@dropbox.com,Female,120.152.12.114
745,Arnaldo,Poncet,aponcetko@homestead.com,Male,152.195.99.97
746,Marcelia,Baggot,mbaggotkp@wordpress.org,Female,178.192.211.101
747,Lucky,Waeland,lwaelandkq@amazon.co.jp,Female,239.1.115.240
748,Vick,Hamper,vhamperkr@upenn.edu,Male,183.51.163.22
749,Robyn,Lathwood,rlathwoodks@dailymail.co.uk,Female,185.60.92.212
750,Court,Garey,cgareykt@last.fm,Male,165.208.18.35
751,Melloney,Wiltshier,mwiltshierku@so-net.ne.jp,Female,227.59.233.44
752,Ludvig,Ahrenius,lahreniuskv@dot.gov,Male,22.47.120.210
753,Gun,Lorryman,glorrymankw@scientificamerican.com,Male,234.226.21.236
754,Jennette,Durston,jdurstonkx@sitemeter.com,Female,122.108.231.232
755,Mal,Cookman,mcookmanky@ebay.co.uk,Male,240.105.33.128
756,Jarrod,Salvidge,jsalvidgekz@baidu.com,Male,250.151.21.60
757,Bobinette,Tames,btamesl0@quantcast.com,Female,27.134.113.108
758,Marysa,Jillett,mjillettl1@surveymonkey.com,Female,152.212.31.81
759,Elinor,Surplice,esurplicel2@chronoengine.com,Female,175.211.16.158
760,Mitzi,Penlington,mpenlingtonl3@ucsd.edu,Female,29.0.249.217
761,Ward,Tredget,wtredgetl4@google.nl,Male,205.182.230.25
762,Arri,Leneve,alenevel5@who.int,Male,89.165.138.191
763,Griffin,Yabsley,gyabsleyl6@livejournal.com,Male,99.22.74.184
764,Modesty,Sighard,msighardl7@tuttocitta.it,Female,61.58.104.102
765,Erastus,Nutbean,enutbeanl8@shareasale.com,Male,89.177.40.135
766,Aubrette,Akrigg,aakriggl9@yellowpages.com,Female,59.43.136.25
767,Caril,Rosenzveig,crosenzveigla@boston.com,Female,242.22.74.151
768,Marabel,Aliberti,malibertilb@soup.io,Female,250.59.70.217
769,Juanita,Devennie,jdevennielc@digg.com,Female,150.199.16.191
770,Meyer,Kipling,mkiplingld@tamu.edu,Male,139.33.176.91
771,Toni,Foote,tfootele@netvibes.com,Female,101.168.126.162
772,Emmeline,Toothill,etoothilllf@npr.org,Female,71.50.141.137
773,Janey,Grocutt,jgrocuttlg@yahoo.com,Female,235.140.93.98
774,Lizette,Smoth,lsmothlh@networkadvertising.org,Female,67.188.207.194
775,Ronda,Vreede,rvreedeli@census.gov,Female,199.158.201.105
776,Janean,Goter,jgoterlj@imageshack.us,Female,44.170.236.43
777,Lurette,Morshead,lmorsheadlk@un.org,Female,65.85.233.60
778,Elena,Flewett,eflewettll@wunderground.com,Female,211.190.184.88
779,Port,Brame,pbramelm@addthis.com,Male,239.116.103.84
780,Malcolm,Barrow,mbarrowln@nasa.gov,Male,122.81.242.166
781,Aubry,Haking,ahakinglo@uol.com.br,Female,35.97.32.157
782,Julienne,Cordery,jcorderylp@constantcontact.com,Female,6.106.60.205
783,Thadeus,Seeney,tseeneylq@gnu.org,Male,1.140.105.210
784,Marena,Marcham,mmarchamlr@dion.ne.jp,Female,203.228.188.188
785,Gaby,Paddock,gpaddockls@shutterfly.com,Female,111.111.5.39
786,Marsh,Tolefree,mtolefreelt@soundcloud.com,Male,23.183.181.171
787,Corenda,Spondley,cspondleylu@ebay.co.uk,Female,107.240.247.197
788,Christiana,Paulazzi,cpaulazzilv@cnbc.com,Female,67.125.185.123
789,Boone,Itskovitz,bitskovitzlw@thetimes.co.uk,Male,201.242.159.98
790,Martyn,Draco,mdracolx@disqus.com,Male,196.51.95.226
791,Brnaby,Cordero,bcorderoly@dailymail.co.uk,Male,150.88.139.140
792,Imogene,Ende,iendelz@kickstarter.com,Female,158.242.164.68
793,Lucie,Harmston,lharmstonm0@nifty.com,Female,15.200.174.151
794,Ursula,Brandino,ubrandinom1@blogs.com,Female,11.185.175.69
795,Bastian,Reolfo,breolfom2@blogs.com,Male,188.245.210.74
796,Blaire,Grindrod,bgrindrodm3@tamu.edu,Female,16.129.134.147
797,Greggory,Yemm,gyemmm4@oaic.gov.au,Male,180.166.8.115
798,Orson,Hurcombe,ohurcombem5@so-net.ne.jp,Male,168.232.148.130
799,Mischa,Joron,mjoronm6@symantec.com,Male,46.157.132.176
800,Waiter,Ferrige,wferrigem7@nih.gov,Male,1.105.226.200
801,Nikoletta,Baszniak,nbaszniakm8@indiegogo.com,Female,199.229.119.74
802,Loreen,Casarili,lcasarilim9@ezinearticles.com,Female,119.107.148.6
803,Kyle,Benit,kbenitma@fc2.com,Male,236.187.115.228
804,Gwenora,Fontes,gfontesmb@techcrunch.com,Female,71.64.184.56
805,Abbot,Devote,adevotemc@is.gd,Male,50.144.225.70
806,Modesta,McDuffie,mmcduffiemd@icq.com,Female,91.139.213.170
807,Orly,Swaddle,oswaddleme@salon.com,Female,9.223.237.204
808,Sigismund,Swindles,sswindlesmf@buzzfeed.com,Male,58.170.71.191
809,Harrietta,Codman,hcodmanmg@dion.ne.jp,Female,171.1.20.96
810,Miran,Cozins,mcozinsmh@java.com,Female,247.248.250.227
811,Pietro,Borth,pborthmi@newyorker.com,Male,179.220.24.180
812,Yorke,Murley,ymurleymj@wix.com,Male,90.153.134.27
813,Ivy,Flores,ifloresmk@dion.ne.jp,Female,120.21.113.116
814,Perri,Berthon,pberthonml@twitpic.com,Female,248.220.37.81
815,Marietta,Chittock,mchittockmm@ihg.com,Female,182.152.250.173
816,Conny,Schofield,cschofieldmn@facebook.com,Female,221.172.118.111
817,Amby,Knock,aknockmo@epa.gov,Male,211.38.62.156
818,Kippie,Crannis,kcrannismp@about.me,Female,38.238.120.185
819,Gabi,Tyre,gtyremq@vinaora.com,Male,4.113.159.73
820,Lyssa,Taile,ltailemr@washington.edu,Female,236.215.251.218
821,Lizbeth,Beuscher,lbeuscherms@dion.ne.jp,Female,25.214.241.121
822,Murvyn,Howels,mhowelsmt@cdc.gov,Male,235.248.251.156
823,Vilma,Weine,vweinemu@mit.edu,Female,119.145.183.72
824,Zach,Ballard,zballardmv@google.cn,Male,237.129.72.145
825,Julienne,Bryer,jbryermw@linkedin.com,Female,17.97.173.143
826,Iorgos,Benedict,ibenedictmx@sbwire.com,Male,179.244.70.11
827,Arv,Amyes,aamyesmy@foxnews.com,Male,57.216.38.70
828,Carroll,Kerswell,ckerswellmz@hc360.com,Male,170.46.237.224
829,Ives,Borham,iborhamn0@de.vu,Male,125.94.220.245
830,Hort,Ironmonger,hironmongern1@msu.edu,Male,110.164.98.189
831,Micheil,Bruckenthal,mbruckenthaln2@epa.gov,Male,206.127.11.223
832,Cassandry,Ferandez,cferandezn3@odnoklassniki.ru,Female,87.253.224.88
833,Sallee,Cordeau,scordeaun4@ca.gov,Female,216.142.32.55
834,Gustavus,Pook,gpookn5@studiopress.com,Male,114.76.48.116
835,Bernete,Ryder,brydern6@yolasite.com,Female,212.183.226.135
836,Claudina,O'Keeffe,cokeeffen7@netvibes.com,Female,39.121.197.62
837,Urbanus,Ferrucci,uferruccin8@deviantart.com,Male,220.211.5.241
838,Laurence,Marxsen,lmarxsenn9@delicious.com,Male,22.231.232.146
839,Thatch,Gabel,tgabelna@51.la,Male,23.173.128.254
840,Willi,Milby,wmilbynb@reverbnation.com,Female,252.47.114.24
841,Hayley,Wynne,hwynnenc@odnoklassniki.ru,Female,209.37.33.45
842,Veronica,Maletratt,vmaletrattnd@4shared.com,Female,207.96.67.67
843,Georg,Leeves,gleevesne@craigslist.org,Male,67.188.166.8
844,Geri,Cockcroft,gcockcroftnf@ovh.net,Female,15.216.110.172
845,Clarissa,Bartoli,cbartoling@hibu.com,Female,201.203.101.59
846,Theda,Banstead,tbansteadnh@photobucket.com,Female,30.205.31.76
847,Clerkclaude,Riba,cribani@desdev.cn,Male,102.189.60.1
848,Noach,Gorrissen,ngorrissennj@yahoo.co.jp,Male,248.110.215.55
849,Silvain,Powers,spowersnk@mtv.com,Male,88.94.77.35
850,Stephanus,Ollarenshaw,sollarenshawnl@nydailynews.com,Male,38.99.67.14
851,Edythe,Oven,eovennm@fc2.com,Female,163.246.245.121
852,Abbey,Rimington,arimingtonnn@aboutads.info,Male,95.177.253.102
853,Stevy,Sivior,ssiviorno@theglobeandmail.com,Male,32.43.152.176
854,Torrey,Dunbabin,tdunbabinnp@hugedomains.com,Male,151.189.131.222
855,Ingaberg,Girt,igirtnq@tripadvisor.com,Female,107.68.49.236
856,Garrik,Heddy,gheddynr@google.es,Male,119.52.28.163
857,Lindsay,Hicken,lhickenns@meetup.com,Male,41.1.139.159
858,Mic,Easterbrook,measterbrooknt@biblegateway.com,Male,49.117.251.39
859,Normy,Jarret,njarretnu@sourceforge.net,Male,148.180.158.0
860,Nelson,Maureen,nmaureennv@indiegogo.com,Male,71.230.204.231
861,Griswold,Bandt,gbandtnw@pen.io,Male,93.146.185.235
862,Marabel,Woodwing,mwoodwingnx@ebay.co.uk,Female,226.136.209.67
863,Philippa,Eastcourt,peastcourtny@domainmarket.com,Female,14.211.185.106
864,Orren,Harhoff,oharhoffnz@dailymail.co.uk,Male,197.244.2.86
865,Aldrich,Rauprich,araupricho0@twitter.com,Male,213.182.204.21
866,Franklin,Hardware,fhardwareo1@ihg.com,Male,123.129.154.210
867,Olin,Fonteyne,ofonteyneo2@wikipedia.org,Male,237.247.95.161
868,Marianna,Robinson,mrobinsono3@typepad.com,Female,244.134.219.243
869,Dmitri,Bridgestock,dbridgestocko4@reuters.com,Male,186.9.205.10
870,Loreen,Pugsley,lpugsleyo5@addtoany.com,Female,59.4.123.239
871,Alfy,Wareing,awareingo6@army.mil,Female,232.75.191.51
872,Darby,Cretney,dcretneyo7@vk.com,Male,17.33.173.247
873,Cassie,Meletti,cmelettio8@archive.org,Male,156.191.23.61
874,Mirelle,Syratt,msyratto9@msu.edu,Female,209.201.46.247
875,Rollin,Orteaux,rorteauxoa@europa.eu,Male,249.189.26.104
876,Sibel,Ommanney,sommanneyob@jugem.jp,Female,80.47.119.5
877,Bucky,Josilevich,bjosilevichoc@newyorker.com,Male,17.117.158.107
878,Gardie,Hubback,ghubbackod@ftc.gov,Male,150.225.42.142
879,Andrew,Dolder,adolderoe@comcast.net,Male,205.120.240.109
880,Barret,Zapatero,bzapateroof@bloglovin.com,Male,123.164.177.135
881,Cherie,Dalglish,cdalglishog@europa.eu,Female,56.151.255.106
882,Letisha,Torbet,ltorbetoh@wikia.com,Female,136.66.31.145
883,Margie,Romain,mromainoi@hao123.com,Female,64.114.186.45
884,Corinne,Bottoms,cbottomsoj@baidu.com,Female,36.71.60.25
885,Borden,Flewin,bflewinok@booking.com,Male,121.1.164.81
886,Chrotoem,Weetch,cweetchol@google.com,Male,126.254.116.130
887,Modesta,Leather,mleatherom@slideshare.net,Female,32.33.78.32
888,Arri,Bienvenu,abienvenuon@nih.gov,Male,86.235.202.141
889,Karlan,Hillaby,khillabyoo@hhs.gov,Male,231.246.248.46
890,Tate,Cisson,tcissonop@hostgator.com,Male,20.234.70.123
891,Andrea,Rawsthorne,arawsthorneoq@360.cn,Male,214.252.209.255
892,Lavena,Canti,lcantior@xrea.com,Female,225.206.233.236
893,North,MacGille,nmacgilleos@scribd.com,Male,101.139.172.13
894,Staffard,Abbati,sabbatiot@soundcloud.com,Male,5.199.78.147
895,Brita,Elnough,belnoughou@sina.com.cn,Female,232.140.110.253
896,Tobe,Cardillo,tcardilloov@g.co,Male,58.192.165.203
897,Debora,Melmeth,dmelmethow@army.mil,Female,168.244.60.118
898,Napoleon,Cullinan,ncullinanox@berkeley.edu,Male,169.200.15.145
899,Siana,Rizzello,srizzellooy@nytimes.com,Female,183.132.144.152
900,Kelcey,Glynne,kglynneoz@fda.gov,Female,162.34.25.182
901,Benjamin,Deignan,bdeignanp0@i2i.jp,Male,243.252.211.131
902,Roselia,Naulty,rnaultyp1@csmonitor.com,Female,27.240.99.210
903,Tim,Skudder,tskudderp2@statcounter.com,Male,155.235.145.107
904,Torey,Lambirth,tlambirthp3@narod.ru,Male,200.84.210.14
905,Magnum,Wolfe,mwolfep4@apple.com,Male,72.67.245.65
906,Wright,Payle,wpaylep5@elegantthemes.com,Male,119.101.113.100
907,Xaviera,Steuart,xsteuartp6@abc.net.au,Female,87.248.150.247
908,Baily,Strangeways,bstrangewaysp7@java.com,Male,122.89.187.22
909,Beverie,Brach,bbrachp8@wikimedia.org,Female,216.145.225.92
910,Donny,Pedro,dpedrop9@irs.gov,Male,39.13.47.119
911,Kennie,Polon,kpolonpa@redcross.org,Male,196.91.140.214
912,Laure,Parrish,lparrishpb@yale.edu,Female,24.206.239.106
913,Giusto,Baignard,gbaignardpc@phpbb.com,Male,52.119.60.170
914,Flynn,Guiver,fguiverpd@elpais.com,Male,99.2.61.63
915,Frasier,Coombes,fcoombespe@illinois.edu,Male,175.167.10.253
916,Emlyn,Cornewall,ecornewallpf@posterous.com,Male,219.92.68.177
917,Cordy,Cleaves,ccleavespg@vimeo.com,Male,228.148.78.32
918,Bradley,Ricciardo,bricciardoph@addtoany.com,Male,100.47.111.60
919,Ellery,Humm,ehummpi@elpais.com,Male,30.49.117.10
920,Vaughn,Kiddey,vkiddeypj@ucla.edu,Male,14.230.50.109
921,Bernadene,Dowers,bdowerspk@shareasale.com,Female,255.176.197.83
922,Tuesday,Lobbe,tlobbepl@infoseek.co.jp,Female,35.207.63.6
923,Paulette,Stanier,pstanierpm@wix.com,Female,68.231.31.7
924,Carlye,Basham,cbashampn@jugem.jp,Female,32.97.65.115
925,Johnna,Alwell,jalwellpo@go.com,Female,232.241.5.174
926,Tedmund,Shawyer,tshawyerpp@uol.com.br,Male,191.51.23.45
927,Carlo,Dow,cdowpq@google.co.jp,Male,247.123.205.202
928,Tally,Hincham,thinchampr@google.com.au,Female,127.207.175.66
929,Ara,Lindsell,alindsellps@icq.com,Male,69.3.138.208
930,Angela,Le Ball,aleballpt@prlog.org,Female,250.15.116.141
931,Lotti,Rekes,lrekespu@spotify.com,Female,78.235.139.137
932,Davida,Argont,dargontpv@amazon.co.jp,Female,175.34.236.209
933,Katrinka,Daud,kdaudpw@eventbrite.com,Female,99.43.32.66
934,Amble,Barbara,abarbarapx@paypal.com,Male,148.182.95.188
935,Tiertza,Dorling,tdorlingpy@vistaprint.com,Female,159.134.188.165
936,Luisa,Jacqueminet,ljacqueminetpz@google.co.jp,Female,104.231.77.222
937,Cordell,Rolley,crolleyq0@usda.gov,Male,157.152.163.255
938,Deerdre,Brazenor,dbrazenorq1@slate.com,Female,117.174.140.0
939,Lizzie,Ruffli,lruffliq2@hibu.com,Female,128.15.170.113
940,Corabel,Hoyer,choyerq3@nationalgeographic.com,Female,255.228.20.102
941,Tobye,Brinklow,tbrinklowq4@usnews.com,Female,150.119.226.14
942,Ly,Sapp,lsappq5@google.ca,Male,188.6.234.253
943,Rycca,Deegan,rdeeganq6@oracle.com,Female,211.173.216.79
944,Nilson,Weavers,nweaversq7@toplist.cz,Male,85.23.5.96
945,Celinka,Jarvie,cjarvieq8@elpais.com,Female,132.13.202.221
946,Anatollo,Armatage,aarmatageq9@biblegateway.com,Male,46.84.195.58
947,Maureene,Amdohr,mamdohrqa@tmall.com,Female,93.104.223.37
948,Verine,Steptowe,vsteptoweqb@elpais.com,Female,96.66.90.86
949,Carmine,Blakeway,cblakewayqc@shop-pro.jp,Male,55.76.11.241
950,Eryn,Walcar,ewalcarqd@i2i.jp,Female,203.53.174.223
951,Glenine,Perago,gperagoqe@sourceforge.net,Female,62.65.124.219
952,Christen,Darby,cdarbyqf@narod.ru,Female,197.1.171.128
953,Mirabel,Gummer,mgummerqg@hc360.com,Female,164.6.224.13
954,Morly,Cowndley,mcowndleyqh@reddit.com,Male,50.51.225.61
955,Faye,Potapczuk,fpotapczukqi@skype.com,Female,52.105.155.241
956,Eugenio,Clissold,eclissoldqj@ning.com,Male,91.153.82.152
957,Lora,Jaukovic,ljaukovicqk@blogspot.com,Female,228.174.173.236
958,Gualterio,Billie,gbillieql@nhs.uk,Male,233.38.187.181
959,Elita,Mazella,emazellaqm@wufoo.com,Female,165.78.201.81
960,Nicole,Mattiassi,nmattiassiqn@spotify.com,Female,72.32.226.93
961,Giustino,Kubacek,gkubacekqo@blinklist.com,Male,255.197.214.89
962,Nance,Keatch,nkeatchqp@flavors.me,Female,94.73.133.100
963,Ceciley,Battrick,cbattrickqq@reuters.com,Female,45.149.80.121
964,Irving,Marron,imarronqr@nsw.gov.au,Male,12.94.209.242
965,Ema,Mateus,emateusqs@time.com,Female,128.35.154.11
966,Shelton,Eggins,segginsqt@rakuten.co.jp,Male,51.233.39.242
967,Marius,Tucknutt,mtucknuttqu@apple.com,Male,239.215.119.21
968,Barclay,Scamel,bscamelqv@gnu.org,Male,213.126.82.33
969,Cyndia,Bariball,cbariballqw@nih.gov,Female,27.5.42.170
970,Curr,Thody,cthodyqx@cisco.com,Male,121.214.34.50
971,Shurwood,Starkey,sstarkeyqy@deviantart.com,Male,29.157.91.97
972,Abel,Pochin,apochinqz@ovh.net,Male,127.228.60.240
973,Domenic,Grunder,dgrunderr0@friendfeed.com,Male,173.216.204.245
974,Kenyon,Duncklee,kdunckleer1@unesco.org,Male,215.73.68.204
975,Cassondra,Grinov,cgrinovr2@npr.org,Female,148.2.180.209
976,Darcie,Ryburn,dryburnr3@ed.gov,Female,83.207.177.181
977,Barbara,Brugmann,bbrugmannr4@merriam-webster.com,Female,68.81.27.165
978,Stephie,Nurny,snurnyr5@ed.gov,Female,128.206.57.133
979,Zacherie,Quartermain,zquartermainr6@addthis.com,Male,117.70.245.196
980,Shea,Kinchley,skinchleyr7@cnbc.com,Male,56.154.19.34
981,Parke,Seward,psewardr8@1688.com,Male,118.66.185.144
982,Karlis,Bennis,kbennisr9@craigslist.org,Male,142.151.38.36
983,Bobina,Sommerlin,bsommerlinra@bloglovin.com,Female,128.13.12.245
984,Ritchie,Birtchnell,rbirtchnellrb@virginia.edu,Male,221.64.31.237
985,Deedee,Downton,ddowntonrc@shareasale.com,Female,151.17.30.151
986,Mellicent,Farenden,mfarendenrd@bloomberg.com,Female,76.232.84.115
987,Gery,Stroband,gstrobandre@yale.edu,Male,11.216.111.181
988,Selby,A'Barrow,sabarrowrf@mysql.com,Male,205.212.127.198
989,Andreas,Sivior,asiviorrg@cmu.edu,Male,140.167.234.192
990,Chadwick,MacNeely,cmacneelyrh@sourceforge.net,Male,222.185.92.247
991,Bartel,Lafond,blafondri@squarespace.com,Male,93.91.160.96
992,Roscoe,Jenner,rjennerrj@engadget.com,Male,230.14.62.3
993,Herculie,Gorrie,hgorrierk@parallels.com,Male,216.60.246.110
994,Gunter,Oulner,goulnerrl@ning.com,Male,163.33.207.42
995,Vivyan,Courvert,vcourvertrm@twitter.com,Female,72.94.194.90
996,Lucio,Prozescky,lprozesckyrn@nydailynews.com,Male,168.118.182.220
997,Jorry,Brazear,jbrazearro@zdnet.com,Female,55.237.17.205
998,Wilhelmina,Lenoir,wlenoirrp@dot.gov,Female,210.171.111.98
999,Britt,Skeene,bskeenerq@washington.edu,Female,111.63.54.184
1000,Angie,Mortell,amortellrr@com.com,Male,184.33.166.165
